{
    "name": "Carro seguelinnha video",
    "description": "",
    "dependencies": {
        "core": "*",
        "radio": "*",
        "microphone": "*",
        "robotbit": "github:kittenbot/pxt-robotbit#v0.4.5"
    },
    "files": [
        "main.blocks",
        "main.ts",
        "README.md",
        "main.py"
    ],
    "testFiles": [
        "test.ts"
    ],
    "targetVersions": {
        "branch": "v5.0.12",
        "tag": "v5.0.12",
        "commits": "https://github.com/microsoft/pxt-microbit/commits/97491d6832cccab6b5bdc05b58e4c6b5dcc18cdd",
        "target": "5.0.12",
        "pxt": "8.0.7",
        "targetId": "microbit"
    },
    "supportedTargets": [
        "microbit"
    ],
    "preferredEditor": "blocksprj"
}
